ticker,marketCap,sector,trailingPE,forwardPE,pegRatio,priceToFreeCashFlow,beta,returnOnEquity,debtToEquity,returnOnInvestedCapital,grossMargins,operatingMargins,profitMargins,enterpriseToEbitda,priceMomentum12M
SPCX,1427686686720.0,Industrials,-166.72307692307692,120.01108,,,,,73.597,,0.48826,-0.41627997,-0.44998002,162.602,-32.668529322899396
GOOGL,4355446800384.0,Communication Services,16.751177,24.16992,0.0569767925170068,92.18928316748237,1.247,0.48676,18.859,,0.60897,0.34033,0.54771,24.554,88.83622263404902
AMZN,2921415835648.0,Consumer Cyclical,21.83119,26.733656,0.09009983491539414,127.71146315345459,,0.30558002,40.468,,0.5077,0.13689,0.1744,17.931,26.463329452852147
TSM,2096632168448.0,Technology,35.46053,18.708271,0.4581463824289405,2.8368979746626666,1.246,0.39969003,15.174,,0.6423,0.60344005,0.49923,4.497,73.7684546266854
NVDA,4862365925376.0,Technology,29.829123,15.599466,0.1390635104895105,104.93739370102087,2.211,0.0114288,6.555,,0.74144995,0.65596,0.62966,29.108,15.713429936275759
AVGO,1852030844928.0,Technology,64.55721,19.971312,0.7559392271662764,68.0587191998821,1.462,0.37280998,74.018,,0.76284,0.48988,0.38848,45.084,35.85514240109469
MSFT,3450799652864.0,Technology,25.12,19.964653,0.7924290220820189,210.8839552541827,1.13,0.34039003,29.118,,0.67944,0.45111,0.40305,18.034,-10.623352368882955
AAPL,4537070911488.0,Technology,35.46613,32.27691,1.2357536585365854,42.45058742911746,,0.014875101,78.445,,0.48653,0.32623002,0.27618998,26.999,53.24413608990304
BRK-B,1103317041152.0,Financial Services,15.1747265,23.713665,0.12687898411371237,11.682366085702236,0.607,0.10499,17.669,,0.2778,0.14352,0.19305,-2.25,8.18458759027112
META,1418222239744.0,Communication Services,20.960468,15.656394,,57.414245664298825,1.246,0.29848,42.997,,0.81747,0.30879,0.29834998,13.112,-25.529710963101703
TSLA,1229138690048.0,Consumer Cyclical,285.51373,139.86086,,254.16433200016724,1.802,0.046669997,18.373,,0.18852,0.014099999,0.03671,111.791,2.8351435676412517
MU,929524482048.0,Technology,19.760624,5.3534055,0.014439622944830106,121.67346977189439,2.142,0.66638,6.33,,0.72569,0.80370003,0.55906,13.337,685.9944376615096
SKHY,1020274409472.0,Technology,20.532856,4.3007603,0.016121903266331655,,2.322,0.9268,7.075,,0.70197,0.76328003,0.85682,-0.476,-14.451517945766046
WMT,884938375168.0,Consumer Defensive,39.017544,33.888493,2.0112136082474223,128.95747081486678,0.603,0.24132,74.816,,0.24976,0.042150002,0.03135,21.332,13.84884087508409
LLY,1024468123648.0,Healthcare,40.986084,25.497051,0.24123651559741022,111.88303719181609,0.506,0.0107459,139.015,,0.82832,0.49386,0.34986,29.34,51.76719959820293
JPM,935128203264.0,Financial Services,15.040189,14.187467,0.32068633262260127,,0.982,0.17789,,,0.0,0.50394,0.34921002,,23.896731359769685
V,683582029824.0,Financial Services,31.16,24.494135,3.054901960784314,30.578649145746787,0.754,0.6119,67.821,,0.97725,0.66130996,0.50782,21.982,8.743760376561372
ASML,625698930688.0,Technology,55.864197,27.807695,1.960147263157895,74.15536855908258,1.394,0.53942,9.092,,0.52733004,0.37057,0.30114,2576.692,137.7039589307393
MA,502041247744.0,Financial Services,31.541,24.987518,1.4877830188679246,30.85744595287331,0.729,0.0232076,282.059,,1.0,0.60836,0.45876,23.787,2.997252871409728
AMD,776410431488.0,Technology,161.40677,34.45045,1.7698110745614033,108.2350353714243,2.469,0.08063,6.005,,0.5306,0.14396,0.13374,103.356,177.31508937855844
CSCO,457166979072.0,Technology,37.905228,24.204874,1.0217042587601077,49.219265180879056,1.007,0.25229,67.541,,0.64296997,0.24992001,0.19685,27.843,76.41445390110096
XOM,644290576384.0,Energy,26.435373,14.692454,,55.39663778210241,0.162,0.09873,18.261,,0.29768,0.06355,0.077649996,12.435,46.29225821493392
INTC,454968770560.0,Technology,-43.574879227053145,44.27298,,93.49233963541383,2.187,-0.10715,48.997,,0.38873002,0.12189999,-0.19794,29.179,367.1154971241113
JNJ,617777463296.0,Healthcare,29.67014,19.97779,,36.58708484245748,0.235,0.25742,57.709,,0.6814,0.2919,0.21482,18.526,57.02814245724552
ABBV,443359002624.0,Healthcare,70.88701,15.4131155,,21.303430282893984,0.283,,,,0.72026,0.32156,0.05786,17.328,32.52989219014588
AMAT,403069403136.0,Technology,47.18123,30.031755,1.4083949253731343,132.57225787121973,1.567,0.39692003,30.399,,0.48956,0.31896,0.29314,43.353,184.12362983739263
COST,422143066112.0,Consumer Defensive,48.075256,42.03249,1.056599032967033,60.70179254665716,0.872,0.29152,60.257,,0.12876001,0.036730003,0.0301,30.49,0.516918142126066
BAC,434763104256.0,Financial Services,14.274193,11.743118,0.3965053611111111,,1.175,0.111990005,,,0.0,0.38305,0.29524,,38.63225817025937
UNH,376335040512.0,Healthcare,31.754787,18.470776,0.516338,16.53511339546883,0.633,0.14152999,69.211,,0.19514,0.071329996,0.03137,17.26,78.95377796544184
ORCL,374086762496.0,Technology,21.863636,11.925455,0.9983395433789954,,1.712,0.53376,388.87,,0.65822,0.36202,0.25368,16.893,-46.26044648260695
CVX,392006172672.0,Energy,18.944176,15.457699,,33.28715587621627,0.488,0.06638,23.989,,0.42421,0.07312,0.059270002,11.239,35.45165157244013
CAT,375294951424.0,Industrials,40.317173,26.757702,1.335005728476821,99.37310800067077,1.565,0.51331,230.793,,0.28601998,0.18180001,0.13328,28.514,91.7806750958232
LRCX,366649442304.0,Technology,51.770317,25.31486,1.4919399711815564,111.81910766501701,1.805,0.65066004,29.946,,0.50469,0.37433997,0.31272,42.235,205.74005718568054
KO,376860246016.0,Consumer Defensive,26.6231,24.838219,1.5753313609467454,72.21275049783607,0.349,0.42054,115.519,,0.61888003,0.34895,0.28558,23.939,30.802524995599324
HSBC,364982501376.0,Financial Services,17.707153,10.76216,6.810443461538462,,0.565,0.11611,,,0.0,0.50684,0.34977,,81.91432825440104
GE,373595144192.0,Industrials,41.81998,39.676655,2.1556690721649483,56.651459741270344,1.348,0.48231998,113.225,,0.31051,0.20571,0.17716,33.45,34.3449775091105
HD,331002839040.0,Consumer Cyclical,23.694504,20.628653,,32.68115009629557,0.951,0.012838,459.356,,0.33126998,0.11926,0.08411,15.759,-8.797831739649798
PG,336459300864.0,Consumer Defensive,21.72782,19.499063,,26.19889147877177,0.38,0.30290002,62.857,,0.50678,0.19534999,0.18437,15.548,-1.2685108965641456
MS,330780246016.0,Financial Services,16.98305,15.446719,0.2721642628205128,,1.218,,502.246,,0.87641,0.41567,0.25897,,54.71284642729965
NFLX,298596106240.0,Communication Services,22.983974,18.78425,2.0706282882882885,11.76151623965617,1.517,0.49541,55.236,,0.49118,0.33381,0.28219,20.787,-38.10633555823317
GS,300429672448.0,Financial Services,15.823182,13.805086,0.17143209100758394,,1.292,0.16951999,647.154,,0.82075995,0.42316002,0.31039,,46.40988057141588
PM,297414623232.0,Consumer Defensive,26.392809,20.81193,,30.615930202597696,0.405,,,,0.67481005,0.40002,0.25559,19.011,21.33700998322996
NVS,296796618752.0,Healthcare,23.912708,15.816566,,24.94036843534201,0.495,0.3035,116.85,,0.74976,0.3462,0.22502,14.659,39.55134148495078
MRK,321571160064.0,Healthcare,36.47059,13.452553,,22.888846869035042,0.205,0.18944,106.936,,0.76725996,0.38604,0.13586001,12.367,69.69710806681972
PLTR,295013220352.0,Technology,138.26967,58.754436,0.4254451384615384,161.1836865778992,1.562,0.32587,2.477,,0.84073997,0.46183997,0.43673,142.354,-20.230766453691153
BABA,293017616384.0,Consumer Cyclical,17.898975,13.515799,0.17194020172910665,,0.496,0.092159994,25.014,,0.39811,0.0101499995,0.1012,2.866,5.38373768501943
RY,291148136448.0,Financial Services,19.274149,16.656149,0.7008781454545454,,0.932,0.16203,,,0.0,0.45286998,0.33687,,65.0048530636395
PANW,270441431040.0,Technology,286.06033,80.44402,,75.55549282828113,0.908,0.048309997,7.698,,0.71963996,-0.02465,0.07947,181.638,91.9423823622243
RTX,290064498688.0,Industrials,37.757896,27.547842,1.3156061324041812,29.358754323886416,0.298,0.12274,57.02,,0.20347,0.12696,0.08276,20.282,39.43629909984543
GEV,263747485696.0,Industrials,28.165243,39.782585,0.8586964329268292,16.77556161743497,0.935,0.82577,28.364,,0.2057,0.07466,0.23035,65.166,51.186382658971596
AZN,263090765824.0,Healthcare,25.625378,14.649396,10.250151200000001,53.633159469314165,0.225,0.21965,64.225,,0.8169,0.23459,0.17021999,14.599,16.700869866801238
DELL,261926748160.0,Technology,32.249004,18.5519,0.11415576637168141,24.24754358630299,1.376,,,,0.19212,0.088570006,0.062750004,20.126,222.44393509521453
ARM,255988580352.0,Technology,244.58163,78.0912,2.2583714681440443,191.8235917137242,3.77,0.13352999,5.62,,0.97537005,0.07603,0.20247999,237.46,74.21863411103469
MUFG,253165797376.0,Financial Services,17.403101,21.796118,,,0.312,0.09398,,,0.0,0.0116926,0.25767002,,61.2787347482334
WFC,261424726016.0,Financial Services,12.565407,10.969155,0.50261628,,0.917,0.12575,,,0.0,0.37387002,0.27232,,13.58564442296153
KLAC,238813249536.0,Technology,49.27763,27.961226,3.352219727891157,,1.407,0.87496,92.718,,0.61301,0.42486,0.35574,39.613,107.52312377662459
SHEL,254490148864.0,Energy,10.174779,10.685061,0.38251048872180443,16.277992658283427,-0.235,0.10697,43.324,,0.25858,0.14873,0.07014,6.159,32.65913574616073
ANET,227091218432.0,Technology,58.74593,40.369423,2.3498372,52.05842443626819,1.601,0.31520998,,,0.63537,0.42738998,0.38317,50.681,53.39797607224077
TXN,251818901504.0,Technology,42.356373,26.501102,0.8176905984555983,71.02994528684934,1.31,0.35176,78.036,,0.58325,0.42576998,0.31111,27.192,56.40875482045262
TM,223784058880.0,Consumer Cyclical,10.629358,11.976553,0.45816198275862063,,0.321,0.10233,107.061,,0.1671,0.04566,0.07592,6.252,5.175578736845043
AXP,227072933888.0,Financial Services,20.490555,16.724737,1.8627777272727273,,1.045,0.34377,172.38,,0.62338,0.2032,0.16141,,15.488047960141671
C,222171627520.0,Financial Services,14.27263,10.326238,0.23397754098360654,,1.094,0.08529,,,0.0,0.36229,0.21832001,,47.503863583820326
LIN,221177708544.0,Basic Materials,30.863226,24.368092,2.3032258208955225,47.11422168411449,0.723,0.18229,65.642,,0.48766,0.28471002,0.20436001,19.071,5.53088697063242
BHP,214633758720.0,Basic Materials,21.335857,17.339035,0.7758493454545454,26.37710007040147,0.831,0.24712999,52.639,,0.83085,0.40728,0.18972999,8.947,69.82814303703775
TMO,213422211072.0,Healthcare,30.85975,20.886143,3.2829521276595743,34.27574432808819,0.868,0.13515,80.575,,0.40914002,0.18751,0.15036,21.443,24.480321549835903
SAP,211934986240.0,Technology,23.815823,19.127462,0.7782948692810459,23.31357771955899,0.743,0.18320999,21.966,,0.73658997,0.2762,0.20413,253.725,-33.98869125507014
NVO,208182853632.0,Healthcare,11.263159,14.279709,0.16785631892697464,,0.36,0.71402,72.086,,0.83195996,0.61574,0.37205002,1.92,2.4208963619233526
IBM,210708348928.0,Technology,19.6875,16.975449,,17.486533417184212,0.675,0.34460998,188.97,,0.58098,0.16548,0.15522,16.265,-8.270248524964263
AMGN,207874048000.0,Healthcare,26.953114,16.43268,6.125707727272728,27.95273954528095,0.403,0.0101318,623.754,,0.71443003,0.33800998,0.20955999,14.964,33.63550056547402
SAN,201405595648.0,Financial Services,13.960397,11.50335,,,0.934,0.13109,,,0.0,0.43438998,0.33464,,69.92668575694205
TD,198113951744.0,Financial Services,19.854305,15.635982,,,0.875,0.119090006,,,0.0,0.35381,0.25194,,67.70934563374742
APH,197698682880.0,Technology,40.175,24.922573,0.6774873524451939,51.77560608053251,1.243,0.38115,120.415,,0.38952,0.29779,0.17729001,22.322,55.11013245055545
TTE,195074555904.0,Energy,10.887238,9.111585,0.10270979245283018,14.416461941316124,0.05,0.14479999,48.045,,0.37682,0.12788999,0.09083,5.78,54.90474570557813
CRWD,194344960000.0,Technology,-4771.5,122.13789,,100.88688308349381,1.237,-0.0024899999,17.568,,0.75136,-0.022079999,-0.00598,3214.062,70.92195265764813
VZ,195457925120.0,Communication Services,12.1901045,8.876138,,10.35161511008502,0.238,0.15842,179.149,,0.59411,0.20959,0.11643,7.656,16.622062995884157
STX,193701216256.0,Technology,61.725307,15.64781,0.41398596244131447,97.64396849843806,2.067,0.037152898,164.513,,0.45576,0.4307,0.26108998,43.57,457.585990978027
WDC,187796635648.0,Technology,31.95543,29.061901,0.06617401118243943,90.50438865626947,2.166,0.85920995,17.81,,0.45428002,0.37008998,0.55286,47.393,613.6727940515132
TMUS,185261129728.0,Communication Services,18.122772,11.961736,3.419390943396227,16.342724298580173,0.319,0.17994,214.035,,0.63054,0.2522,0.11455,8.812,-25.815975065062535
MCD,192291307520.0,Consumer Cyclical,22.129192,19.17268,3.207129275362319,32.30565086005691,0.418,,,,0.57348996,0.44252998,0.31618,16.546,-8.479409204451816
SCHW,183026614272.0,Financial Services,19.1694,13.439686,0.44998591549295774,,0.762,0.20283002,74.052,,0.97495,0.51881003,0.38793,,11.56178933433749
SNDK,179903873024.0,Technology,43.667503,5.7048783,,79.6211012008253,,0.39297,1.503,,0.56038,0.69983,0.34185,31.317,2839.341752187382
PEP,190638964736.0,Consumer Defensive,18.387352,15.543902,0.1342142481751825,24.341419934232576,0.368,0.51508,238.949,,0.54171,0.16836001,0.10785,12.348,4.168244473972926
ABT,184109645824.0,Healthcare,34.096775,17.434965,,25.538418858186667,0.607,0.10576,63.212,,0.56847,0.14706999,0.116450004,18.035,-15.041935376655536
NEE,181280817152.0,Utilities,19.754545,19.667473,0.37202532956685497,,0.667,0.11677,161.676,,0.61024,0.31524,0.32401,20.535,27.041034171837588
ADI,178960646144.0,Technology,54.67411,24.392576,0.49478832579185517,46.25555654136305,1.188,0.09639,25.81,,0.64491,0.38076,0.26007998,29.959,67.94100403947014
BLK,177299947520.0,Financial Services,26.318851,16.940104,1.3359822842639593,,1.443,,23.635,,0.47152,0.35079,0.24089001,15.971,1.9634556011683069
TJX,173814185984.0,Consumer Cyclical,30.97244,27.318295,1.0570798634812288,40.288390302932456,0.623,0.6125,136.307,,0.31351998,0.11771,0.09402,20.647,26.399554586286598
BA,170705747968.0,Industrials,79.463234,52.20685,,30.345666068229313,1.205,0.0173537,790.875,,0.0471,4.0000003e-05,0.025910001,-68.937,-2.5957611784213963
UNP,173547290624.0,Industrials,23.426624,20.694355,3.5494884848484847,36.762648369375235,0.965,0.39696,150.772,,0.56285,0.40982,0.28847,15.725,36.17288244405488
WELL,168930902016.0,Real Estate,105.13004,69.77381,2.953091011235955,61.292027863380476,0.763,0.03836,41.375,,0.39560002,0.16561002,0.12149999,56.27,43.19367035778985
BUD,170316808192.0,Consumer Defensive,18.518202,17.456884,0.1477909177972865,13.63557933218671,0.788,0.11392,71.471,,0.56494,0.27629,0.14896,52.975,53.702153925259836
DIS,167035043840.0,Communication Services,15.3904,12.898338,,44.526348137368245,1.398,0.1101,41.069,,0.3716,0.15512,0.1154,10.919,-16.302555020024812
SMFG,164424302592.0,Financial Services,17.139072,63.12195,,,0.384,0.068720005,,,0.0,0.0271075,0.27114,,71.73192119498495
MRVL,168343437312.0,Technology,62.939594,30.053164,,72.37024423947507,2.197,0.16028,28.97,,0.51502997,0.14479999,0.28986,61.029,152.46421302083357
RIO,157502537728.0,Basic Materials,13.105548,10.943317,0.2794359914712154,33.79182873970559,0.649,0.19312,31.872,,0.29751,0.28049,0.19584998,7.727,70.95100353050485
GILD,161664827392.0,Healthcare,17.861456,13.537497,0.32593897810218975,20.375884190441983,0.343,0.4336,94.635,,0.79367995,0.39282,0.30993,11.802,18.04388423501453
BX,158998593536.0,Financial Services,28.643497,17.108541,0.49988650959860387,,1.58,0.31374002,62.529,,1.0,0.54357,0.22728,,-22.30627990112041
ETN,161222164480.0,Industrials,37.883213,26.318075,,60.919007803429146,1.181,0.20844999,110.463,,0.37105,0.16104999,0.13986,27.015,10.157192488475019
UBS,172871450624.0,Financial Services,33.807693,12.802867,1.6411501456310682,,0.827,0.10672,,,0.0,0.30999002,0.17949,,47.53351174048994
DE,160084492288.0,Industrials,34.02239,26.071232,,145.69691905928747,0.897,0.18349001,376.022,,0.25965,0.17479,0.10104,23.175,19.784019056779222
BBVA,154431733760.0,Financial Services,12.880184,11.334282,1.1500164285714285,,0.883,0.18924,,,0.0,0.55035,0.3259,,76.18128848707664
T,159317966848.0,Communication Services,7.6732674,9.068853,1.2376237741935483,15.708732434606809,0.422,0.18339,129.054,,0.59721,0.24786,0.16943,7.243,-12.265388631556394
QCOM,154990493696.0,Technology,16.869715,14.336553,,15.134312393304175,1.638,0.33754003,55.21,,0.54226,0.18528,0.21013,13.497,1.7080608244290252
SCCO,143250571264.0,Basic Materials,27.310913,25.318405,0.3720832833787466,28.091649618504782,1.124,0.49897,67.11,,0.64504,0.61162996,0.35866,15.517,111.79146343372368
CRM,150712385536.0,Technology,20.911364,11.862852,0.40060084291187736,9.104837828956057,1.178,0.16908,124.282,,0.77643996,0.218,0.18733,14.069,-25.98807849282927
SHOP,152020238336.0,Technology,120.77319,50.242958,,113.68523774469179,2.585,0.11311,1.432,,0.4797,0.1571,0.10771,68.183,-1.222595693740658
UBER,143224750080.0,Technology,17.459057,15.939179,,21.91111517399124,1.113,0.3531,48.113,,0.39635,0.14565,0.15907,21.455,-19.042691249275336
BKNG,149474050048.0,Consumer Cyclical,25.515873,15.70099,0.10631613749999999,21.126700244162237,1.075,,,,0.86987,0.25035998,0.22227,14.707,-9.709983215287066
COP,146780061696.0,Energy,20.147158,13.384734,,27.751294540691717,0.122,0.112840004,36.143,,0.45591,0.22051,0.12331,7.013,34.18859927266573
PFE,142543093760.0,Healthcare,18.94697,8.831901,,11.517121744909254,0.307,0.083100006,71.602,,0.74801004,0.31617,0.118310004,7.639,13.937869637130751
SONY,136593465344.0,Technology,20.40351,19.546217,,,0.744,0.12336001,19.513,,0.31244,0.10738,-0.02619,0.018,-4.554783754649694
PLD,138078535680.0,Real Estate,32.56982,42.501102,0.3818267291910903,24.955351975953732,1.34,0.07749,63.823,,0.75549006,0.43030998,0.43575,25.933,42.307491880937654
UL,136540749824.0,Consumer Defensive,21.494915,16.183117,,20.280463431301786,0.447,0.31869,175.397,,0.47068,0.20345,0.18319,15.155,-3.62930689726223
DHR,137068216320.0,Healthcare,34.75579,20.990915,0.5821740368509213,31.69115736677694,0.823,0.07605,52.97,,0.58752996,0.19777,0.15948,20.004,-0.34073520160587956
CB,135292297216.0,Financial Services,12.409059,12.033817,,12.899722344533005,0.406,0.14822,30.941,,0.31129998,0.23527001,0.18070999,10.603,31.941895460190995
LMT,134490996736.0,Industrials,21.50332,17.813772,0.04845272645335737,24.177614493689088,0.113,0.89165,234.238,,0.11798,0.119569995,0.08163,15.624,42.148011897861
APP,132998455296.0,Communication Services,35.09752,18.266125,0.3103229000884174,38.06150823159724,2.483,0.0266444,162.888,,0.88367,0.78151,0.6429,27.522,4.412265205527421
BMY,133409685504.0,Healthcare,14.385462,10.148679,0.09396121489222731,16.441154299776148,0.235,0.46598998,201.859,,0.71661,0.34418,0.18871,8.843,54.74741921543933
CVS,133245091840.0,Healthcare,46.004406,12.401995,0.729071410459588,25.616050064315978,0.598,0.037520003,100.912,,0.13387999,0.04124,0.00723,12.975,72.47414305217205
PDD,126055989248.0,Consumer Cyclical,9.177202,7.2553945,,1.7595055464929719,-0.008,0.254,1.21,,0.55979,0.18419,0.21620001,-3.156,-19.534797415516547
BTI,130817548288.0,Consumer Defensive,15.960526,11.61566,,37.1074138105529,0.128,0.13424,72.154,,0.82716006,0.34908,0.24992001,61.549,18.0050734874875
COF,128227639296.0,Financial Services,11.522051,8.689622,,,1.022,0.09031,,,0.0,0.33629,0.21867001,,2.2255386388818854
BMO,125689765888.0,Financial Services,19.337284,15.4338,0.4693515533980583,,1.154,0.11367,,,0.0,0.42977002,0.28057,,64.38749647317302
ISRG,126590377984.0,Healthcare,40.473083,29.27139,1.5272861509433964,48.40562066631232,1.46,0.17423001,,,0.66679,0.33603,0.28445998,28.64,-26.864960347109033
SYK,124860604416.0,Healthcare,37.74044,19.433836,0.855792290249433,24.436353800661973,,0.16508,59.163,,0.66025,0.25194,0.14433,18.004,-12.910331046474266
MFG,127182094336.0,Financial Services,16.838709,7.5107913,0.3388070221327968,,,0.124919996,,,0.0,0.45964,0.29149,,78.7671186168326
VRTX,121090572288.0,Healthcare,28.568861,22.357128,0.4652908957654723,43.507284039938924,0.292,0.24197,10.26,,0.54390997,0.38126,0.35507,23.254,3.239347144529958
PH,123127144448.0,Industrials,35.58783,28.626778,,44.378426315414586,1.11,0.24841999,65.554,,0.37442002,0.21528,0.16582,24.136,38.31979702277477
PGR,122919583744.0,Financial Services,10.70481,12.978268,2.140962,,0.246,0.34943,24.428,,0.18521,0.18208,0.12849,8.403,-6.609102437436976
HDB,122880720896.0,Financial Services,16.852114,16.78615,0.9310560220994476,,0.422,0.13838,,,0.0,0.33291999,0.26787,,-37.196786187650986
SBUX,119984996352.0,Consumer Cyclical,61.19186,33.967064,0.7140240373395565,39.1399546053381,0.969,,,,0.22341,0.12919,0.05172,24.598,24.3696627458023
SPGI,121436962816.0,Financial Services,25.256285,20.372755,1.4269087570621468,22.289169404788765,1.079,0.14255,42.98,,0.70903,0.4479,0.30536,16.97,-19.53559355315333
FTNT,118824927232.0,Technology,57.22615,43.175728,1.3035569476082005,52.46162805278432,1.09,0.0117442,32.035,,0.80204004,0.33595002,0.28173,44.361,66.34141226862427
GLW,118844932096.0,Technology,63.709675,32.114864,3.443766216216216,161.80385906599523,1.086,0.16813,71.448,,0.36395,0.15649,0.111999996,30.974,125.23974297812548
PBR-A,117417713664.0,Energy,5.326087,6.9715443,,0.5631520477850489,-0.139,0.25601,83.269,,0.47359002,0.31947002,0.21599,2.141,50.079866710497825
PBR,125020700672.0,Energy,6.0436134,4.7163734,,0.8704600092270344,-0.139,0.25601,83.269,,0.47359002,0.31947002,0.21599,2.213,58.124062219608376
ENB,118924099584.0,Energy,29.437838,23.393637,,,0.795,0.10127,160.133,,0.38861,0.14734,0.1,14.032,22.71839481948279
NOW,114996477952.0,Technology,69.08696,22.218494,,22.332122014025185,0.959,0.14244,67.538,,0.74768996,0.04063,0.11336,41.003,-39.17669854307487
LOW,116581408768.0,Consumer Cyclical,17.76154,15.439917,,24.206475484516336,0.85,,,,0.33293,0.11067,0.075100005,12.566,-6.325458841707299
BP,116447387648.0,Energy,35.6063,11.35519,0.07503962065331928,11.583202986153623,-0.231,0.05842,96.384,,0.2891,0.15461001,0.01663,15.296,50.10648674210347
MO,114093604864.0,Consumer Defensive,14.385263,11.646279,,12.618007933664,0.494,,,,0.87224,0.61464,0.38999,8.641,18.1043248853757
HWM,112934346752.0,Industrials,64.442924,46.630497,0.9025619607843139,94.6840014222696,1.189,0.33818,87.794,,0.35046002,0.28188,0.20225,45.04,53.53193975780417
CM,108212527104.0,Financial Services,16.603642,14.923276,0.6918184166666667,,1.274,0.15387,,,0.0,0.43264,0.33976,,67.63143274055736
IBN,107563286528.0,Financial Services,18.74375,16.219578,1.3582427536231882,,0.235,0.16073999,,,0.0,0.38509998,0.27531,,-10.1439653564388
MDT,109303054336.0,Healthcare,23.016172,13.316221,1.2577143169398908,23.631176562260798,0.583,0.098409995,58.214,,0.65309,0.22045,0.13203,12.852,-1.3135974131874395
BNS,107190771712.0,Financial Services,17.109161,13.238093,0.4833096327683616,,1.21,0.11038999,,,0.0,0.39803,0.27905,,59.7886091515391
BNY,106070532096.0,Financial Services,18.22028,15.286277,0.6773338289962825,,1.058,0.14124,,,0.0,0.40046,0.29413998,,59.356635662205235
ADP,105997787136.0,Technology,24.092222,19.898008,2.4092222,19.863164407181817,0.841,0.72239,89.702,,0.48653,0.2313,0.20109,16.764,-8.845396559361474
SO,108755320832.0,Utilities,22.780722,19.21529,0.7493658552631579,,,0.114829995,182.058,,0.48289,0.25455,0.15435,12.82,2.779117923527119
SNOW,101650849792.0,Technology,-84.76300578034682,108.951096,,58.43689610153948,1.353,-0.54869,142.912,,0.67144996,-0.22173999,-0.23786,-90.06,43.049455608364
SNY,103225606144.0,Healthcare,23.161291,8.341854,,6.191369001812222,0.278,0.06576,27.372,,0.72357005,0.20002002,0.15954,9.247,-2.738111019398015
GSK,103525023744.0,Healthcare,16.620579,10.06341,,29.726146782798168,0.3,0.33383,106.497,,0.73493,0.30943,0.1452,10.934,42.775187366953894
SPOT,102797697024.0,Communication Services,35.582916,27.602646,0.15999512589928053,145.24576612138148,1.564,0.37987998,5.943,,0.32318002,0.15773,0.15449001,39.649,-20.283826749893386
GD,103737040896.0,Industrials,23.308207,20.791962,1.7394184328358209,23.575930548420104,0.338,0.17803,35.335,,0.15375,0.1038,0.08179,16.392,25.56614933707997
PWR,100333166592.0,Industrials,76.35698,36.543564,1.4971956862745097,96.73680499607951,1.215,0.13534,69.121,,0.15100001,0.04244,0.036679998,33.943,69.02301622966422
ACN,101533425664.0,Technology,13.033779,11.29985,1.4481976666666665,8.398563654126265,1.122,0.24406,25.035,,0.32013,0.16964,0.10656,7.831,-33.68875148478274
EQIX,100574085120.0,Real Estate,67.54672,54.711758,2.345372222222222,26.6350837145339,0.971,0.10735,162.217,,0.51979,0.27021998,0.15479,27.085,35.077693429572946
ING,99780304896.0,Financial Services,13.181131,10.913067,,,0.899,0.17124,,,0.0,0.49308997,0.34495,,58.581538557990044
MCK,100240793600.0,Healthcare,22.572897,16.996014,0.6067983064516129,17.71782204235552,0.315,,,,0.03601,0.022090001,0.0117999995,15.843,23.02158711494302
ADBE,99537977344.0,Technology,14.187536,9.110168,1.7958906329113924,10.797779295638989,1.433,0.62953997,61.443,,0.89404,0.35327998,0.28689,10.38,-28.00172260240017
TT,100099547136.0,Industrials,33.900894,26.185455,,37.598012935502354,1.195,0.36630002,53.597,,0.35924998,0.15521,0.13415,24.172,4.297002750530732
PNC,99698130944.0,Financial Services,13.699013,11.682731,0.5457774103585658,,0.897,0.12623,,,0.0,0.38689,0.31366,,38.848846837976666
NET,99021037568.0,Technology,-1115.92,176.48586,,118.68125837156883,1.671,-0.05876,230.859,,0.73327005,-0.09689999,-0.037249997,-2700.181,39.413322247308294
CNQ,99446652928.0,Energy,11.80198,12.984496,,18.620789652252707,0.881,0.22825001,44.85,,0.48668,0.21776,0.25134,8.002,57.014476481104225
MAR,98311028736.0,Consumer Cyclical,39.369587,28.434343,23.158580588235292,54.71222476543566,1.106,,,,0.79037005,0.59006,0.35969,24.35,47.299157589047304
NEM,98741501952.0,Basic Materials,12.076031,8.845597,1.0593009649122807,11.200419913959733,0.482,0.25905,15.807,,0.68041,0.51569,0.33363998,5.599,51.3123010044672
USB,98152669184.0,Financial Services,12.551792,10.895502,0.5811014814814814,,0.979,0.12623,,,0.0,0.39646998,0.29896,,49.116074456866784
BN,94994817024.0,Financial Services,83.39216,7.245315,0.5251395465994962,,1.837,0.02503,161.473,,0.32272997,0.28922,0.01689,14.733,-1.7646411774232318
DUK,97784758272.0,Utilities,19.416409,17.49758,1.6180340833333335,,0.373,0.09661,161.495,,0.5105,0.25507,0.15706,11.521,5.616312967927328
EQNR,97655087104.0,Energy,11.048387,11.580237,0.03707512416107382,3.3220256095031178,-0.75,0.21270001,75.162,,0.40133998,0.36112,0.0797,4.981,70.4502747163432
DDOG,95386656768.0,Technology,669.925,93.18687,6.441586538461538,94.63956281812487,1.543,0.039300002,32.221,,0.79906,0.00797,0.03695,2653.457,97.61798520527687
ITUB,93245038592.0,Financial Services,10.575,8.563793,0.9276315789473684,,0.154,0.21816,,,0.0,0.33075002,0.33278,,51.31208124466489
MELI,95206776832.0,Consumer Cyclical,49.747017,32.22444,,,1.345,0.31258,169.977,,0.49473,0.06908,0.060370002,25.861,-20.95903642585808
CME,96291733504.0,Financial Services,22.674852,20.696362,9.069940800000001,33.10088601398851,0.276,0.15802,14.587,,1.0,0.65036005,0.63443,20.516,-0.9088583654812243
CDNS,93782949888.0,Technology,66.2807,35.652306,0.528554226475279,58.26198851537716,1.148,0.23229,38.661,,0.85871005,0.28575,0.23605,43.953,-4.748298502042337
CEG,93828554752.0,Utilities,22.887632,19.641615,0.020978581118240146,,1.121,0.16104999,66.428,,0.23263,0.21858,0.12693,14.684,-22.489855243381886
MNST,94260420608.0,Consumer Defensive,47.2451,37.118484,1.6347785467128029,55.9628072596106,0.527,0.26654,1.082,,0.55471003,0.31019,0.23108,32.375,63.30057480933462
CSX,93364740096.0,Industrials,29.302326,22.227026,1.2908513656387666,47.799684383675995,1.211,0.24357,138.068,,0.47070998,0.38424,0.22208999,16.311,45.99236140178575
VRT,93001588736.0,Industrials,51.507465,26.652472,0.971838962264151,34.48926243476449,2.029,0.43943,70.166,,0.38039002,0.20362,0.15088001,34.803,70.80026824807595
KKR,94577549312.0,Financial Services,34.38305,13.780389,0.8052236533957846,,1.794,,69.029,,0.54151,0.1554,0.12367,,-28.373278244335587
MPC,92389187584.0,Energy,20.820395,11.396505,,26.256252401776234,0.52,0.27458,146.523,,0.10739,0.03556,0.03407,12.794,94.92758342622234
BCS,92721143808.0,Financial Services,10.6589155,8.086808,0.23898913677130046,,0.884,0.10092,,,0.0,0.42951,0.2787,,46.895518479972424
WM,90555482112.0,Industrials,59.461945,24.769524,7.164089759036144,38.560908454894836,0.448,0.29841,235.301,,0.40601003,0.18986,0.11115,14.581,0.5684094947831619
MRSH,90522206208.0,Financial Services,23.360838,16.628199,3.200114794520548,18.91692374727342,0.603,0.25902998,145.027,,0.43994,0.26323998,0.14241,14.366,-2.1217232905367145
MMM,90911547392.0,Industrials,31.25532,18.179924,0.9529060975609756,14.316497213367636,1.081,0.81891996,437.937,,0.39408,0.20354,0.11902001,15.231,24.352519748885683
VLO,90092503040.0,Energy,13.053818,11.555357,0.02896343021965831,,0.545,,42.664,,0.16093001,0.11683,0.054369997,7.665,139.9264854027332
ABNB,89927868416.0,Consumer Cyclical,37.598015,25.1737,6.266335833333333,19.844809662830517,1.143,0.32325,33.185,,0.82913,0.03211,0.19902,30.72,18.35650284585586
FCX,90034372608.0,Basic Materials,31.004951,15.321425,1.1440941328413283,41.69706040556436,1.364,0.14755,32.149,,0.38275,0.33404,0.113850005,11.103,58.139601403041574
LYG,89543049216.0,Financial Services,14.348837,9.683292,0.8106687570621469,,0.907,0.113400005,,,0.0,0.44961,0.26431,,47.21142429368954
UPS,88587657216.0,Industrials,19.55347,12.90874,,15.635236282774454,1.03,0.29602,189.9,,0.21219,0.04362,0.050819997,10.161,31.819292193501102
JCI,88838045696.0,Industrials,41.31268,24.543264,2.700175163398693,29.77021610477294,1.319,0.14332,70.107,,0.36651,0.15875,0.14319,22.591,38.5416587779273
WMB,87493296128.0,Energy,31.10435,27.904327,1.2441740000000001,,0.595,0.19656,199.855,,0.63506,0.33609,0.23056999,17.453,22.46446347350719
INTU,86456836096.0,Technology,19.272562,11.561851,1.801174018691589,16.524625303899082,0.996,0.22496,33.448,,0.80793,0.46974,0.21907,13.507,-58.819721272997306
CMI,87512670208.0,Industrials,32.89419,18.5848,,51.824807193784665,1.222,0.21993999,61.621,,0.25847998,0.09764,0.07886,18.703,81.0803039738747
HCA,89310486528.0,Healthcare,13.278034,12.510352,1.1446581034482757,23.891786321768258,1.128,,,,0.42580003,0.15161,0.08768,8.955,13.54500966186194
SPG,87155924992.0,Real Estate,15.950625,34.02919,0.9725990853658536,29.815538387029452,1.327,0.011359,457.473,,0.81582,0.43376,0.70594,21.23,49.53804855930284
ICE,85601427456.0,Financial Services,21.506346,17.384424,1.5145314084507044,,,0.14094,69.226,,1.0,0.52626,0.38246,15.734,-16.343936428643545
DASH,85470584832.0,Consumer Cyclical,93.40953,25.319561,,35.14850675678313,1.779,0.09922,32.194,,0.51763,0.052529998,0.0629,61.657,-21.014698941365083
RCL,85129994240.0,Consumer Cyclical,19.881323,15.684068,,,1.764,0.44669998,224.816,,0.50284,0.2707,0.23541,15.593,3.0205853415411044
PSX,84869922816.0,Energy,20.896347,11.153862,,,0.681,0.14547,91.385,,0.1252,0.0063899998,0.03066,15.34,83.05718899062136
CMCSA,85025333248.0,Communication Services,7.582278,6.6147094,,6.678339287519978,0.655,0.114879996,100.474,,0.6939,0.17233999,0.08966,4.929,-17.57747435897351
NTES,85326143488.0,Communication Services,17.064022,12.592787,5.504523225806452,2.4986542752299896,0.79,0.22128001,6.469,,0.65688,0.41374,0.29839,6.731,7.237162624791305
MCO,82846326784.0,Financial Services,30.586956,25.34802,0.5394524867724868,32.121870550242804,1.335,0.76932,240.682,,0.74974996,0.49473998,0.34252,21.987,-3.7700434213456813
EMR,83914178560.0,Industrials,34.362385,20.892748,1.2316267025089607,25.64418339914476,1.244,0.12328,69.182,,0.52669996,0.24244,0.13354,16.374,7.389673900203952
EPD,82321866752.0,Energy,13.211804,12.134684,0.4403934666666667,,,,113.126,,0.13331,0.117139995,0.107880004,,31.795367795278985
ITW,82555518976.0,Industrials,25.712366,23.268354,2.5457788118811875,,1.011,0.0104618,334.853,,0.44162,0.26668,0.19393998,18.939,16.603531485279266
CTAS,81886699520.0,Industrials,41.676174,33.584717,2.6715496153846154,55.91730997595512,0.933,0.40714002,52.646,,0.50668997,0.23688,0.17754,28.148,-6.739524076863878
SHW,82744115200.0,Basic Materials,31.85514,25.116076,2.227632167832168,33.01790800667523,1.1,0.65124,389.958,,0.48981997,0.18124,0.11013,20.598,0.18148958370987067
E,80617635840.0,Energy,19.70213,11.700143,0.03393408542886669,,0.232,0.10901,64.975,,0.21465999,0.11324,0.05874,7.892,67.33059035341611
ELV,81508155392.0,Healthcare,16.608044,12.682631,,18.927323044047423,0.683,0.11133,68.953,,0.2599,0.04559,0.02468,9.031,39.71274876941175
AMT,80778838016.0,Real Estate,28.188618,24.793943,0.20352792779783394,27.66386537868243,0.909,0.33914003,438.721,,0.73774004,0.45411,0.31083,18.529,-15.107571382233997
MDLZ,79984222208.0,Consumer Defensive,38.701862,18.549778,0.26709359558316076,35.51105632899395,0.408,0.13340001,82.643,,0.31146,0.21978001,0.08862001,16.435,0.8517011562368504
NGG,80398516224.0,Utilities,18.38391,12.116961,1.2766604166666669,,0.599,0.08406,121.294,,1.0,0.32602,0.18324,74.378,15.90475352198335
ROST,80538509312.0,Consumer Cyclical,35.312237,29.320503,0.9441774598930482,39.3334412117119,0.879,0.38981998,74.911,,0.32740003,0.13377,0.097399995,23.648,84.91213615292817
SU,79440535552.0,Energy,17.893618,12.089835,0.598448762541806,11.899644392001733,0.572,0.1397,32.358,,0.58785,0.20848,0.12394,5.836,74.82267318072712
HOOD,77824565248.0,Financial Services,38.300884,27.544422,0.8046404201680674,,2.336,0.23618999,240.74,,0.9189,0.43884,0.42011002,,-13.353354676799679
EOG,79196536832.0,Energy,14.310876,10.115723,0.3613857575757576,27.650007167286095,0.261,0.18195,26.873,,0.61994,0.37877998,0.23322001,6.647,31.95441464194584
ECL,78135492608.0,Basic Materials,37.466938,29.44733,11.353617575757575,,0.895,0.21956,136.378,,0.44210997,0.18322,0.12566,20.921,7.501345512765445
GM,80369565696.0,Consumer Cyclical,39.493332,6.0420127,,3.6641961787928943,1.309,0.03164,202.341,,0.10177,0.03202,0.01051,11.157,70.70812770815695
TRV,78082146304.0,Financial Services,10.101457,12.412108,0.1769081786339755,5.2847028555222115,0.473,0.26511,27.378,,0.34730998,0.23698,0.16951999,7.151,47.22660831224115
CP,78141349888.0,Industrials,28.86039,20.80542,,35.822063185417235,1.216,0.08154,52.822,,0.53395003,0.38977,0.25031,12.596,22.75990203644005
BAM,77284466688.0,Financial Services,30.828026,22.34771,5.505004642857142,26.48733890093482,1.259,0.22388001,26.373,,0.71048,0.64499,0.49685,25.801,-16.082749943086306
REGN,78516568064.0,Healthcare,18.867641,12.889346,,23.563247157665288,0.236,0.14548,8.612,,0.43885,0.20658001,0.29648,14.763,37.207062596090765
CNI,76949323776.0,Industrials,23.04529,19.850668,2.259342156862745,25.425186373428748,1.005,0.22017999,103.89,,0.55965,0.40269002,0.26924,10.857,39.532208194152616
AMX,76077883392.0,Communication Services,14.911764,12.04493,1.8409585185185187,0.4964662071624143,0.223,0.21579,157.801,,0.62778,0.21493,0.09372,2.384,42.83711570217292
NOC,77066346496.0,Industrials,17.005642,17.863451,,31.100220485735182,-0.102,0.26958,95.348,,0.2006,0.11604,0.104820006,12.655,-6.045758545847546
HON,77032267776.0,Industrials,9.30157,24.272038,0.035246570670708605,29.510040521911055,0.93,0.46577,185.369,,0.36511,0.20249,0.21581,12.114,15.407183092448351
AON,76481822720.0,Financial Services,20.19888,16.885096,,23.96892015668756,0.705,0.44699,163.481,,0.48154,0.23457001,0.22268,15.487,2.2749840434782787
ASX,77332340736.0,Technology,43.41975,19.106861,0.2539166666666667,,1.462,0.17009,70.716,,0.19485001,0.11061,0.08545999,2.228,254.88305505061248
NWG,75408998400.0,Financial Services,9.517589,9.049212,0.610101858974359,,0.814,0.14072,,,0.0,0.50258,0.36877,,46.40632309247441
SNPS,74439507968.0,Technology,85.44176,22.497023,,21.034295952282225,1.222,0.03824,35.574,,0.82598996,0.10383,0.089090005,48.811,-37.15994752150807
RACE,69233205248.0,Consumer Cyclical,37.05268,31.190987,28.50206153846154,70.22690122615377,0.591,0.41968,72.246,,0.51609004,0.29479,0.22187,28.619,-8.670527606959089
NSC,75351621632.0,Industrials,28.478779,23.518806,,54.51374052903588,1.263,0.16985,105.519,,0.45159,0.35296002,0.21021,16.146,23.72106296263825
MFC,74022576128.0,Financial Services,18.06504,12.653398,0.11178861386138612,13.579008759696299,0.782,0.12564,44.278,,0.50317,0.19048999,0.20038,7.055,48.76976925301408
AEM,73559629824.0,Basic Materials,12.4375,11.5290365,0.2517712550607287,17.177721677474246,0.595,0.22969,1.12,,0.74512,0.58105,0.40438,6.937,17.098606445837582
CI,73736306688.0,Healthcare,11.535758,8.3283615,1.1309566666666666,9.242165311964444,,0.16758,74.29,,0.091359995,0.03734,0.022720002,7.735,8.771726306528493
SLB,73598664704.0,Energy,23.841347,15.187478,,24.90543141983282,0.733,0.12909001,47.002,,0.16991,0.12706,0.08527,11.305,54.14389736547012
ORLY,72924413952.0,Consumer Cyclical,27.662539,24.499655,2.6856833980582526,46.38022658975659,0.513,,,,0.51636004,0.2015,0.1427,19.726,-9.856741803731373
CL,73057288192.0,Consumer Defensive,35.944885,22.503872,,22.008520349066835,0.319,0.036357698,1640.535,,0.60063,0.20924,0.10041001,16.296,12.062137411900075
APO,72404828160.0,Financial Services,75.656624,11.771101,,,1.499,0.08492,101.267,,0.35222,0.13489,0.03656,,-7.731504943251622
FDX,72725053440.0,Industrials,16.643206,14.996687,,12.856615956863743,1.337,0.14846,135.697,,0.27318,0.11129,0.0468,8.622,79.14096350251765
HLT,72131051520.0,Consumer Cyclical,47.40976,30.67697,3.362394326241135,51.748582838361145,1.052,,,,0.79036003,0.62987,0.31034002,27.584,23.120279315114757
TDG,70161973248.0,Industrials,39.065086,26.685059,3.396964,46.011618969061104,0.884,,,,0.59718,0.46659002,0.21909,20.26,-15.417503659782794
DLR,70934233088.0,Real Estate,94.26,64.27329,,,1.053,0.02949,68.749,,0.56996,0.2611,0.11825,28.047,12.63132670226974
KMI,71594893312.0,Energy,20.367088,20.921371,0.9607116981132076,66.5998963701085,0.533,0.109910004,98.619,,0.49407002,0.30065,0.19305,13.784,18.020163669537425
TRP,70246342656.0,Energy,26.972,24.312916,1.4738797814207651,56.14654190944337,0.977,0.11826,170.37,,0.69528,0.44251,0.22913,14.159,42.09422798089986
ET,70062006272.0,Energy,16.826447,13.297022,,40.72188560466164,0.545,0.12352,142.243,,0.18620001,0.10741,0.04724,10.137,23.303714577267478
MSI,72332574720.0,Technology,34.721115,23.506699,,39.84991401435125,0.885,0.99289,374.132,,0.51508,0.19823,0.1761,23.198,0.9060135256466317
MPWR,70060859392.0,Technology,86.95306,46.616577,0.9903537585421411,,,0.21979,,,0.55195,0.30989,0.24500999,68.78,82.7866417225199
CVNA,92796190720.0,Consumer Cyclical,32.479168,27.689959,0.5281165528455285,105.6505855311819,3.462,0.58773,110.88,,0.19371,0.09219,0.06257,19.35,-15.221055784735649
NU,69220843520.0,Financial Services,22.390625,12.393299,0.40054785330948117,,0.949,0.30055,,,0.0,0.48231,0.41924,,18.92115994336836
BSX,69457379328.0,Healthcare,18.617529,13.537629,1.232948940397351,,0.577,,42.25,,0.6928,0.23907,0.17499,13.844,-55.668344202138066
PCAR,69838102528.0,Industrials,27.93263,18.650442,6.65062619047619,35.93141781665009,0.976,0.12755999,72.91,,0.13715,0.12024,0.09003,23.226,41.0011459676032
AEP,69601206272.0,Utilities,22.157713,18.673174,,,,0.101330005,160.708,,0.46355,0.23251,0.13783,13.699,16.12851702968936
URI,67175829504.0,Industrials,25.70891,19.129734,1.0081925490196078,39.37044941132143,1.794,0.28895,166.793,,0.3848,0.25986,0.15673,17.576,26.605214681757783
ALL,67979714560.0,Financial Services,5.872359,9.961858,0.017353306737588656,5.469444118160923,0.166,0.45221,23.719,,0.34428,0.18954,0.17813,4.855,34.85270654127397
DB,68959305728.0,Financial Services,9.892183,7.7215366,0.5261799468085105,,0.982,0.08891,,,0.0,0.33400002,0.22715001,,16.93332698065122
WBD,65937694720.0,Communication Services,-37.57142857142858,1195.4545,,3.5705929597144923,1.548,-0.049590003,96.318,,0.45748,0.08590999,-0.04665,12.689,104.35120616830922
SE,65376600064.0,Consumer Cyclical,41.85882,20.328756,13.502845161290322,68.3620847161498,1.552,0.14856,27.612,,0.44267,0.08355,0.06363,23.314,-30.78270193058652
TGT,65626075136.0,Consumer Defensive,19.087187,16.146444,,20.89170641307699,0.981,0.22015,117.548,,0.28139,0.0452,0.03243,9.751,51.16142565549988
APD,65667739648.0,Basic Materials,-1404.2380952380952,20.463509,,,0.736,0.00023,109.405,,0.32056,0.25533,-0.00375,86.508,7.4529825150963624
HONA,65524125696.0,Industrials,42.892117,20.737728,,,,,,,0.34894,0.20152001,0.14388,,3.3700000000000063
AFL,64885395456.0,Financial Services,14.552511,16.892778,0.0037700805699481866,13.17971660141684,0.603,0.16469,48.276,,0.50049996,0.29567,0.25596002,12.088,32.73469256762205
RSG,64778678272.0,Industrials,30.294966,26.10016,4.0393288,35.81158080649982,0.405,0.18346001,117.578,,0.43049,0.20204,0.12991999,15.159,-7.8861143636089315
GWW,65258917888.0,Industrials,36.499077,27.380697,2.0054437912087915,56.64221692283029,1.035,0.46129,64.034,,0.39150003,0.16723,0.09696,21.964,49.52616532140415
AJG,64086474752.0,Financial Services,41.2947,16.77646,,,,0.06722,59.401,,0.41509,0.14689,0.1058,19.985,-11.240448839310357
VALE,64091787264.0,Basic Materials,22.818182,7.251122,,,,,,,0.0,0.0,0.0,,68.94299553623584
HPE,63429349376.0,Technology,43.944954,11.93969,,16.53528379976538,1.438,0.06315,84.03,,0.33776,0.087,0.040110003,14.119,146.83364099003572
TFC,63329091584.0,Financial Services,11.972286,10.380498,0.3262203269754768,,0.875,0.09059,,,0.0,0.39815,0.30692,,26.13544225736353
CRH,63208681472.0,Basic Materials,16.78622,14.203068,1.207641726618705,29.771530940609832,,0.15812,75.398,,0.3625,0.18809,0.099350005,10.486,0.4740020917509469
MET,61853577216.0,Financial Services,18.77539,8.748898,0.5229913649025071,,0.778,0.13014,178.019,,0.23754999,0.09919,0.04665,14.166,33.788691201766866
NKE,61876731904.0,Consumer Cyclical,19.861906,18.16092,0.04640632242990655,26.53965673802116,1.128,0.22138001,74.289,,0.43245,0.12687,0.066989996,12.963,-42.56960312087814
B,61689446400.0,Basic Materials,10.063013,8.27461,0.03958699055861527,11.672982507670955,1.098,0.25176,12.852,,0.55109,0.56248003,0.32141,5.843,75.80274114668777
RELX,61839585280.0,Industrials,21.20958,16.622864,0.8728222222222222,27.70125517448896,0.256,0.013186400000000001,709.641,,0.6642,0.32006,0.23271999,77.951,-29.62372356343993
FIX,60875276288.0,Industrials,41.840588,28.807636,1.0783656701030926,33.04998654792174,1.66,0.55292,45.489,,0.25661,0.07885,0.12775,31.55,149.326834356504
D,60836806656.0,Utilities,23.934254,18.127499,,,0.636,0.09787,154.901,,0.47263,0.28751,0.16929,14.35,19.557822862817844
BE,60616675328.0,Industrials,270.80264,42.03859,,114.01880534045243,3.737,0.22213,171.578,,0.31651,0.17106001,0.07868,145.153,460.48473082283596
COR,60574638080.0,Healthcare,23.930822,15.71107,0.18652238503507407,,0.581,0.010713401000000001,420.985,,0.03796,0.01716,0.00775,13.9,8.78808768103152
PSA,60537368576.0,Real Estate,30.296263,35.274216,0.6717574944567627,25.934506516007925,0.952,0.21929,109.632,,0.7442,0.45703998,0.41632998,20.747,21.059380555491302
TEL,59637899264.0,Technology,20.245079,15.937463,1.0544311979166667,25.520362287035933,1.169,0.23290001,43.441,,0.36119,0.20775,0.15609,12.982,2.9340007805515933
MPLX,59311185920.0,Energy,12.462687,12.0008955,,30.729193267127872,0.452,0.33407003,182.794,,0.56114,0.36134,0.40034,14.035,21.9491111357484
O,59558297600.0,Real Estate,52.785122,37.41323,2.948889497206704,33.126543204349524,0.729,0.02831,73.467,,0.92597,0.45526,0.18899,17.499,19.093525812348044
BKR,60046856192.0,Energy,19.450163,19.004862,,13.60064636112087,0.96,0.16463,80.925,,0.23657,0.1283,0.111669995,12.286,41.42534528920814
NUE,58595471360.0,Basic Materials,20.55032,14.181971,0.2190865671641791,87.58665026233186,1.922,0.14548999,30.512,,0.15554,0.15668,0.07989,11.314,88.02758699439678
TRGP,58033270784.0,Energy,27.616955,22.598457,0.19326070678796362,,0.704,0.74097997,585.249,,0.41766,0.20899999,0.12874,14.796,69.52112392543468
F,58537906176.0,Consumer Cyclical,-7.935135135135135,7.7443724,,,1.828,-0.18252,456.708,,0.07115,0.018819999,-0.03935,26.135,42.365352189973926
NXPI,57785942016.0,Technology,48.75745,12.612914,0.671590220385675,16.254835745015615,1.805,0.27921,93.325,,0.56102,0.30406,0.22564,13.004,11.105716974168134
SRE,57885790208.0,Utilities,30.534483,15.99282,2.2287943795620437,,0.568,0.05689,85.267,,0.42457,0.30616,0.1443,18.511,12.526567017506718
DAL,57502560256.0,Industrials,14.695799,9.872284,,20.40997674538868,1.288,0.20125,96.649,,0.187,0.07921,0.05784,9.806,72.81835476636256
TER,57558986752.0,Technology,50.506866,31.826283,0.13091463452566096,131.09464042927243,1.742,0.36465,2.883,,0.59231997,0.33176,0.25766,38.089,253.9086452825755
OKE,57213280256.0,Energy,16.187164,14.658524,0.8992868888888889,125.9164396870173,0.707,0.15903,149.644,,0.29636,0.1492,0.1003,12.099,19.776439420141333
FANG,57092534272.0,Energy,209.22679,11.691698,,40.86064173543689,0.407,0.0047400002,32.594,,0.72246003,0.0579,0.01964,7.585,42.45751026349303
LITE,55544532992.0,Technology,122.04103,38.896786,,595.0137332619177,1.482,0.22834998,111.445,,0.40837002,0.21771,0.17678,100.886,569.2350936985907
GRMN,56657297408.0,Technology,30.317854,27.020363,0.8588627195467423,54.287315265880025,0.914,0.21886998,2.513,,0.60081,0.30438998,0.24471001,23.456,36.51378771689979
CVE,55677755392.0,Energy,11.885827,11.955063,0.049710694270179843,10.169220616521685,0.499,0.20933,33.995,,0.29860002,0.23831,0.12365,4.474,105.99381494913453
TAK,54576967680.0,Healthcare,-53.40625,32.245285,,0.10079893022674265,0.088,-0.02262,73.245,,0.64468,0.16445999,-0.035380002,4.107,20.692091696055904
OXY,56763801600.0,Energy,76.09333,14.527394,0.2411068757921419,18.713084546152068,0.15,0.04053,41.989,,0.69757,0.17725,0.22421,7.248,34.186143680732116
LNG,55231590400.0,Energy,43.637417,13.353376,,32.06012908875123,-0.008,0.2892,321.125,,0.33004,-0.53749,0.07102,14.348,11.683553716662454
AME,55400660992.0,Industrials,36.23838,27.443378,2.4991986206896555,39.99018003947149,0.99,0.14626999,22.489,,0.36681,0.26299,0.20108,23.706,33.379889819989806
FAST,54747111424.0,Industrials,40.77778,34.181606,2.7929986301369865,59.75943204901674,0.713,0.34334,10.851,,0.44701,0.21023001,0.15454,28.129,7.276301730477064
ARGX,53415825408.0,Healthcare,32.501713,21.82494,0.3414045483193278,70.1207654293646,-0.022,0.23635,0.558,,0.59067,0.31992,0.32265,824.456,26.717129039536893
KEYS,54529290240.0,Technology,50.248817,26.76897,1.4114836235955057,50.22269695406571,1.214,0.18174,43.642,,0.62139,0.18812001,0.17312999,38.378,101.08395180730305
CIEN,53372530688.0,Technology,123.62295,39.120537,0.05187049469223347,76.14553704050736,1.274,0.15464,54.649,,0.43047002,0.15195,0.0787,68.407,325.42029976815695
CAH,53874372608.0,Healthcare,34.747734,19.082232,,11.108118401544155,0.493,,,,0.037550002,0.01413,0.0062,14.776,48.988658565571484
ALAB,53347295232.0,Technology,203.4183,67.26679,1.4087139889196674,222.27586728640685,3.671,0.21110001,2.801,,0.75988996,0.20052,0.26724002,223.685,137.39892106050326
ROK,53420396544.0,Industrials,49.956295,32.81842,1.2615226010101008,54.81826691680302,1.54,0.27183,113.367,,0.48921,0.20724002,0.12358,29.002,41.32692774505769
MT,52888485888.0,Basic Materials,29.470587,10.036331,,,1.737,0.03284,25.379,,0.07598,0.06294,0.02883,25.868,129.2513788818017
NDAQ,52650078208.0,Financial Services,27.78466,20.235939,1.9705432624113477,31.126265251338758,0.997,0.16521999,77.687,,1.0,0.49333,0.35037,18.322,0.22086095954325646
CTVA,52642820096.0,Basic Materials,47.70303,19.021496,3.942399173553719,20.434887154665194,0.558,0.051370002,13.64,,0.48561,0.2369,0.064959995,14.824,11.666960752765142
EA,52622708736.0,Communication Services,59.96,21.794985,0.7029308323563892,23.71326834763528,0.641,0.1349,27.41,,0.78967005,0.24009001,0.11778,34.685,34.12678776261171
MDLN,69987926016.0,Healthcare,34.45614,23.590174,,,,0.060500003,65.311,,0.25858,0.05427,0.033150002,16.972,-4.195121951219505
COHR,51431624704.0,Technology,118.95476,31.710747,0.10637106322096039,,2.037,0.04718,31.093,,0.36990002,0.13572,0.07102,40.169,155.75444854411722
DVN,52053086208.0,Energy,12.297003,8.616954,,32.38138798302058,0.432,0.15178001,56.359,,0.46929002,0.06856,0.14172,5.203,44.06384198781665
LHX,51592622080.0,Industrials,28.014154,20.325237,,,0.746,,34.574,,0.30414,0.097270004,0.103690006,31.838,1.1828955061461865
NOK,51024363520.0,Technology,65.28571,18.546701,,43.13588669796294,0.794,0.03455,15.776,,0.45504,0.07934,0.03472,19.001,125.67900171732012
CARR,51338178560.0,Industrials,43.83688,18.735527,,59.57432549166323,1.309,0.08966,91.998,,0.24691999,0.13069001,0.055180002,20.151,-6.215398179030651
EBAY,50620440576.0,Consumer Cyclical,26.269585,17.004084,3.6999415492957746,42.17052030672014,1.365,0.42875,163.327,,0.71786004,0.23146999,0.17615,18.103,25.87074820878574
FITB,51221372928.0,Financial Services,19.02357,11.434423,,,0.922,0.08447,,,0.0,0.32941002,0.23290001,,42.793556599949945
ETR,50218881024.0,Utilities,27.524298,21.186333,,,0.489,0.10248999,186.77,,0.47000998,0.24125,0.13329001,14.657,23.08959085229216
STT,50589077504.0,Financial Services,16.254192,12.076604,,,1.433,0.12437,,,0.0,0.27818,0.23005,,73.95903186027306
