ticker,marketCap,sector,trailingPE,forwardPE,beta,returnOnEquity,debtToEquity,superinvestor_score,reddit_score,x_score,ki_moat_score,pe_vs_history_score,insider_score,analyst_score,value_score,quality_score,community_score,final_score,weight,weight_%
GOOGL,3546550370304,Communication Services,28.933794,32.679688,1.082,0.3545,11.424,0.92,0.78,0.94,0.94,0.0,1.0,0.8863624999999999,0.64,0.618421052631579,0.8800600000000001,0.7398203355263159,0.05263157894736842,5.3%
BRK-B,1081385680896,Financial Services,16.030062,24.963148,0.709,0.1017,18.166,1.0,0.7,0.9,1.0,0.10931758977218853,1.0,0.75,0.28,0.9018421052631578,0.8667,0.6906238282344068,0.05263157894736842,5.3%
MSFT,3620844077056,Technology,34.62118,32.58328,1.065,0.32241002,33.154,0.55,0.42,0.65,0.88,0.05548631474300825,1.0,0.939655,0.8,0.6094736842105263,0.5401100000000001,0.6869493920215459,0.04511278195488721,4.5%
AMZN,2380604112896,Consumer Cyclical,31.45339,36.209755,1.368,0.24327,43.405,0.6,0.48,0.6,0.65,0.1241670771965635,1.0,0.91791,0.72,0.6636842105263158,0.56004,0.6680777082809881,0.05263157894736842,5.3%
TSLA,1343597576192,Consumer Cyclical,280.54858,124.68827,1.872,0.06791,17.082,0.1,0.12,0.25,0.45,0.0,1.0,0.595745,1.0,0.9526315789473683,0.15676,0.6488415657894737,0.05263157894736842,5.3%
META,1487917940736,Communication Services,26.131916,23.332808,1.272,0.32643002,26.311,0.9,0.55,0.92,0.92,0.0,1.0,0.89706,0.42000000000000004,0.5902631578947368,0.7901300000000001,0.6403446315789475,0.05263157894736842,5.3%
V,629098086400,Financial Services,31.745348,25.601896,0.82,0.52068,68.807,0.8,0.38,0.76,0.92,0.20446530456615553,1.0,0.85,0.63,0.3555263157894737,0.6467800000000001,0.6273964875231872,0.05263157894736842,5.3%
CRM,217853280256,Technology,33.07402,20.474394,1.243,0.11201999,19.255,0.4,0.2,0.45,0.62,0.524647544239755,1.0,0.834905,0.5599999999999999,0.8510526315789474,0.3501000000000001,0.6203575798549699,0.04511278195488721,4.5%
UNH,279985651712,Healthcare,16.106827,10.337459,0.429,0.17476,75.734,0.88,0.68,0.8,0.88,0.8087570399118926,1.0,0.75,0.11,0.6547368421052631,0.78668,0.613751931614004,0.05263157894736842,5.3%
KO,306033786880,Consumer Defensive,23.546358,23.94276,0.398,0.42442,144.771,0.85,0.62,0.86,0.92,0.2586865876888018,1.0,0.8541675,0.41000000000000003,0.3589473684210526,0.77675,0.6056177756993147,0.05263157894736842,5.3%
PG,344027955200,Consumer Defensive,21.458395,19.809973,0.381,0.31902,67.125,0.82,0.58,0.84,0.9,0.4685992297802406,1.0,0.75,0.25,0.5813157894736841,0.7467600000000001,0.6032790962771561,0.05263157894736842,5.3%
MA,479451709440,Financial Services,33.953903,32.37851,0.868,1.8486099,239.715,0.78,0.35,0.72,0.9,0.21543694225567056,1.0,0.8397425000000001,0.75,0.08236842105263159,0.61677,0.59872676459098,0.05263157894736842,5.3%
NVDA,4548767252480,Technology,52.988636,45.271847,2.269,1.09417,10.584,0.2,0.15,0.4,0.6,0.0,1.0,0.9140625,0.95,0.4242105263157895,0.25015000000000004,0.5825902302631579,0.04511278195488721,4.5%
CSCO,309891104768,Technology,30.26641,20.099998,0.869,0.22418,59.926,0.75,0.28,0.68,0.78,0.0,1.0,0.740385,0.45,0.6671052631578946,0.57011,0.5810733026315789,0.04511278195488721,4.5%
ORCL,642939289600,Technology,52.206017,31.498604,1.636,0.69241995,452.534,0.7,0.25,0.52,0.75,0.0,1.0,0.7906975,0.8,0.19078947368421054,0.4900300000000001,0.5672017697368421,0.04511278195488721,4.5%
AAPL,3985534877696,Technology,36.0,32.317688,1.109,1.7142199,152.411,0.5,0.4,0.62,0.85,0.0,1.0,0.75,0.79,0.1331578947368421,0.50678,0.5626655789473683,0.04511278195488721,4.5%
PEP,201404956672,Consumer Defensive,27.914612,17.04635,0.423,0.37162,260.19,0.65,0.3,0.55,0.7,0.5212246845189547,1.0,0.5625,0.33,0.34657894736842104,0.5000500000000001,0.48715376423520057,0.05263157894736842,5.3%
HD,332956827648,Consumer Cyclical,22.801636,21.442307,,1.62909,539.922,0.68,0.32,0.58,0.72,0.44959185226914067,1.0,0.7972975,0.34,0.105,0.5267200000000001,0.4572482231815313,0.05263157894736842,5.3%
ADBE,134942253056,Technology,19.844664,15.479805,1.536,0.52875,56.542,0.45,0.22,0.48,0.68,0.8208066941465024,1.0,0.74375,0.16,0.3678947368421053,0.38343000000000005,0.43705998290014125,0.04511278195488721,4.5%
JPM,833917812736,Financial Services,15.028245,18.116488,1.076,0.16437,,0.98,0.82,0.88,0.95,0.0,1.0,0.68,0.11000000000000001,,0.8933200000000001,,0.05263157894736842,5.3%
