ticker,marketCap,exchange
NVDA,5514691870720,NMS
AAPL,4860153954304,NMS
GOOGL,4208075997184,NMS
MSFT,3808562511872,NMS
AMZN,2687409848320,NMS
SPCX,1988603281408,NMS
TSM,2366017634304,NYQ
META,1847400464384,NMS
AVGO,1676451119104,NMS
TSLA,1401338986496,NMS
MU,1202927960064,NMS
BRK-B,1065966436352,NYQ
LLY,1031816085504,NYQ
AMD,998682918912,NMS
SKHY,1309445455872,NMS
JPM,879407726592,NYQ
WMT,827003568128,NMS
ASML,695862493184,NMS
XOM,669213655040,NYQ
V,674590031872,NYQ
JNJ,637996498944,NYQ
INTC,635548401664,NMS
MA,483093151744,NYQ
ABBV,462260207616,NYQ
PLTR,449492090880,NMS
CSCO,424340619264,NMS
ORCL,416225099776,NYQ
LRCX,411105427456,NMS
AMAT,405829877760,NMS
COST,403522781184,NMS
CVX,400579035136,NYQ
BAC,380615294976,NYQ
CAT,372699791360,NYQ
KO,370363432960,NYQ
MRK,358504693760,NYQ
DELL,342035464192,NYQ
HSBC,339771031552,NYQ
PG,337437851648,NYQ
UNH,329489088512,NYQ
PANW,324999577600,NMS
GE,324020404224,NYQ
ARM,309356462080,NMS
PM,297414623232,NYQ
MS,295392116736,NYQ
NFLX,289726922752,NMS
HD,283832713216,NYQ
NVS,270984937472,NYQ
RY,272165060608,NYQ
GS,262159073280,NYQ
CRWD,271086747648,NMS
SHEL,270978203648,NYQ
BABA,267532107776,NYQ
MUFG,259670491136,NYQ
ANET,256772734976,NYQ
TXN,255791546368,NMS
SNDK,254752964608,NMS
KLAC,254384898048,NMS
GEV,253147398144,NYQ
AZN,250423164928,NYQ
RTX,250211287040,NYQ
TMO,249597902848,NYQ
SAP,240628498432,NYQ
WFC,242071142400,NYQ
MRVL,237446742016,NMS
AMGN,227881795584,NMS
TM,216823988224,NYQ
LIN,218804224000,NMS
C,217194512384,NYQ
BHP,215618895872,NYQ
STX,209733681152,NMS
APH,207881011200,NYQ
IBM,207203614720,NYQ
AXP,205361725440,NYQ
SAN,200485289984,NYQ
QCOM,196565843968,NMS
TD,191928451072,NYQ
ADI,192231964672,NMS
TTE,188807069696,NYQ
SHOP,192442187776,NMS
VZ,190579539968,NYQ
CRM,188936110080,NYQ
GILD,184815321088,NMS
DIS,181129445376,NYQ
DE,181066940416,NYQ
TMUS,174931296256,NMS
PEP,173099515904,NMS
BLK,171946934272,NYQ
SCCO,171097800704,NYQ
ABT,171013783552,NYQ
NVO,167394639872,NYQ
SCHW,169025273856,NYQ
T,167198212096,NYQ
ETN,166899367936,NYQ
WELL,165904515072,NYQ
WDC,163851419648,NMS
SMFG,163723411456,NYQ
MCD,163422732288,NYQ
PFE,162554691584,NYQ
UNP,161665777664,NYQ
RIO,153154256896,NYQ
NEE,157991993344,NYQ
DHR,155746566144,NYQ
BBVA,153355943936,NYQ
COP,150347382784,NYQ
UBS,147361644544,NYQ
BA,147048349696,NYQ
BUD,144671899648,NYQ
TJX,145537564672,NYQ
ISRG,145686609920,NMS
SONY,137540681728,NYQ
UBER,139935793152,NYQ
BX,133980921856,NYQ
NOW,138547838976,NYQ
VRTX,132511907840,NMS
GLW,132447068160,NYQ
MFG,133738586112,NYQ
UL,130773868544,NYQ
FTNT,131158646784,NMS
PBR,134493929472,NYQ
PBR-A,130015305728,NYQ
BMY,127465398272,NYQ
PLD,126216339456,NYQ
CB,125481410560,NYQ
NET,123659362304,NYQ
BKNG,122407395328,NMS
NEM,121532866560,NYQ
PGR,120322719744,NYQ
PH,120490319872,NYQ
SNOW,119796768768,NYQ
COF,118445531136,NYQ
BTI,117055012864,NYQ
LMT,117530189824,NYQ
BMO,116254171136,NYQ
SPGI,116289757184,NYQ
HDB,114816262144,NYQ
BP,113292050432,NYQ
MO,112440549376,NYQ
ACN,112211812352,NYQ
VLO,111603556352,NYQ
BNS,110718509056,NYQ
MPC,111043731456,NYQ
PDD,110939529216,NMS
MDT,110376812544,NYQ
CVS,109594976256,NYQ
SBUX,107114397696,NMS
SYK,105632186368,NYQ
ENB,103618936832,NYQ
LOW,103396638720,NYQ
ADP,102256672768,NMS
PSX,102362718208,NYQ
ING,101046263808,NYQ
HOOD,101146763264,NMS
FCX,100521230336,NYQ
CM,100036321280,NYQ
SPOT,100197629952,NYQ
EQIX,99814309888,NMS
MCK,99546013696,NYQ
TT,99446079488,NYQ
EQNR,98585559040,NYQ
IBN,98882592768,NYQ
SNY,98792742912,NMS
ITUB,94016569344,NYQ
DDOG,98332696576,NMS
BNY,98132058112,NYQ
ASX,115758964736,NYQ
GSK,96475144192,NYQ
APP,97566908416,NMS
CNQ,97034805248,NYQ
PWR,96597131264,NYQ
SO,95353585664,NYQ
ABNB,96194912256,NMS
CME,94202576896,NMS
ADBE,95376154624,NMS
VRT,92901490688,NYQ
AEM,92801490944,NYQ
MAR,92746752000,NMS
HCA,92389851136,NYQ
CDNS,90930634752,NMS
HWM,90200899584,NYQ
JCI,90043457536,NYQ
CEG,90001162240,NMS
USB,89993052160,NYQ
GD,89778987008,NYQ
DUK,88893849600,NYQ
PNC,88669216768,NYQ
MELI,87630938112,NMS
LITE,87122026496,NMS
EMR,86514786304,NYQ
CSX,86158606336,NMS
ICE,85348802560,NYQ
HPE,84811726848,NYQ
MMM,84655833088,NYQ
ELV,84323123200,NYQ
SNPS,83350437888,NMS
WMB,83138699264,NYQ
KKR,84323819520,NYQ
BN,81391534080,NYQ
BE,81578188800,NYQ
MNST,81535729664,NMS
LYG,80943063040,NYQ
WM,81509924864,NYQ
MRSH,81474273280,NYQ
BCS,81317281792,NYQ
DASH,79531843584,NMS
SU,80137183232,NYQ
UPS,79497035776,NYQ
E,77866590208,NYQ
MCO,78646681600,NYQ
NTES,77582434304,NMS
SHW,78476419072,NYQ
CTAS,77929783296,NMS
WBD,77595885568,NMS
CMCSA,77218332672,NMS
ECL,76972621824,NYQ
EPD,76898983936,NYQ
MRNA,76880863232,NMS
AMT,76273000448,NYQ
SPG,76213207040,NYQ
REGN,78067687424,NMS
RACE,68934770688,NYQ
NGG,76226912256,NYQ
CP,74809638912,NYQ
ROST,74870300672,NMS
TRV,74359087104,NYQ
MSI,73805266944,NYQ
MDLZ,73796132864,NMS
INTU,73679634432,NMS
ITW,73273344000,NYQ
NWG,71981301760,NYQ
SLB,72307458048,NYQ
EOG,72259133440,NYQ
CNI,71827488768,NYQ
CI,71828488192,NYQ
HLT,71597645824,NYQ
BAM,71205478400,NYQ
TGT,71183753216,NYQ
CMI,71113342976,NYQ
RCL,71104806912,NYQ
MFC,70667436032,NYQ
CVNA,69323325440,NYQ
NSC,69403983872,NYQ
ORLY,69093343232,NMS
NOC,68684632064,NYQ
APO,68538437632,NYQ
ET,68074033152,NYQ
CL,68014784512,NYQ
GM,69642764288,NYQ
FDX,67472371712,NYQ
KMI,67138084864,NYQ
B,66938118144,NYQ
DB,67437309952,NYQ
HON,66855325696,NMS
DLR,66291310592,NYQ
MPWR,66206429184,NMS
NBIS,64125214720,NMS
AEP,64587304960,NMS
RSG,64264921088,NYQ
AMX,63335854080,NYQ
BSX,63258873856,NYQ
TER,62678573056,NMS
URI,62291038208,NYQ
KEYS,61975900160,NYQ
APD,61957799936,NYQ
ALAB,61755494400,NMS
NU,61156519936,NYQ
TEL,61110448128,NYQ
UMC,61418680320,NYQ
WPM,60730269696,NYQ
TRP,60193292288,NYQ
ARGX,59632476160,NMS
NXPI,59896557568,NMS
TDG,59842363392,NYQ
MET,59836510208,NYQ
SE,59631497216,NYQ
NTRA,59576229888,NMS
MSTR,61044760576,NMS
AON,58709954560,NYQ
GWW,58676473856,NYQ
AJG,58473943040,NYQ
TAK,58089820160,NYQ
FIX,58214584320,NYQ
TRGP,57962848256,NYQ
PCAR,57800134656,NMS
RELX,57659969536,NYQ
CVE,57319133184,NYQ
VALE,57069776896,NYQ
NOK,56770260992,NYQ
COR,57295855616,NYQ
MPLX,57100496896,NYQ
FAST,56835555328,NMS
AME,56794886144,NYQ
TFC,56561295360,NYQ
COHR,56362475520,NYQ
ALL,56099065856,NYQ
AFL,56040153088,NYQ
LNG,55563886592,NYQ
GRMN,55317823488,NYQ
OXY,55299940352,NYQ
CRH,55085555712,NYQ
PSA,52849299456,NYQ
DAL,54885220352,NYQ
BKR,54497808384,NMS
OKE,53754990592,NYQ
D,53228912640,NYQ
NUE,53032189952,NYQ
DVN,50644000768,NYQ
NKE,52515856384,NYQ
CTVA,51807772672,NYQ
CAH,51521953792,NYQ
FANG,51470434304,NMS
NDAQ,51431505920,NMS
O,51379638272,NYQ
SRE,50978070528,NYQ
MT,50217947136,NYQ
